id,category,question,answer,embedding
1,住民票,住民票の写しはどこで取得できますか？,市区町村役場の住民課で取得可能です。,"[0.123745, 0.103016, 0.851276, 0.798572, 0.608499, 0.091712, 0.074345, 0.659264, 0.233728, 0.837580, 0.189799, 0.937439, 0.787042, 0.747837, 0.272800, 0.169155, 0.412311, 0.146643, 0.468026, 0.251359, 0.717197, 0.082185, 0.601275, 0.535406, 0.625573, 0.666577, 0.520569, 0.920951, 0.123187, 0.449784, 0.383682, 0.340602, 0.926423, 0.785284, 0.459231, 0.971784, 0.723507, 0.288023, 0.431755, 0.228591, 0.610907, 0.335055, 0.992227, 0.329898, 0.932189, 0.606528, 0.096036, 0.291878, 0.504776, 0.716805, 0.463691, 0.166938, 0.477008, 0.673456, 0.210129, 0.262273, 0.148667, 0.775491, 0.076620, 0.320625, 0.042827, 0.858883, 0.556082, 0.738476, 0.282616, 0.060658, 0.222113, 0.449068, 0.973226, 0.462056, 0.712305, 0.850304, 0.347025, 0.595260, 0.194484, 0.514248, 0.119625, 0.978721, 0.127790, 0.221135, 0.927260, 0.665161, 0.570580, 0.780035, 0.755299, 0.429741, 0.673291, 0.445000, 0.108176, 0.100767, 0.433165, 0.442906, 0.142660, 0.418262, 0.774045, 0.801579, 0.325209, 0.610167, 0.278986, 0.743692, 0.353097, 0.131509, 0.464988, 0.993097, 0.530036, 0.013630, 0.269884, 0.844204, 0.983291, 0.641063, 0.802123, 0.846003, 0.495004, 0.582528, 0.032499, 0.285078, 0.581489, 0.915401, 0.503317, 0.181106, 0.912804, 0.489294, 0.471055, 0.049171, 0.820864, 0.210980, 0.739080, 0.620454, 0.171767, 0.136867, 0.994723, 0.967008, 0.485647, 0.388101, 0.857077, 0.170338, 0.915512, 0.962134, 0.099627, 0.890356, 0.869570, 0.178614, 0.592515, 0.541645, 0.779595, 0.745124, 0.183438, 0.025512, 0.778600, 0.069191, 0.431180, 0.450902, 0.871146, 0.496630, 0.097726, 0.437021, 0.310104, 0.341736, 0.157328, 0.758670, 0.651797, 0.631380, 0.171938, 0.245695, 0.167587, 0.497794, 0.382643, 0.250375, 0.323806, 0.297524, 0.686761, 0.827910, 0.530789, 0.330602, 0.958976, 0.111356, 0.864759, 0.427784, 0.336030, 0.054953, 0.765423, 0.332755, 0.906865, 0.816697, 0.702141, 0.776114, 0.918476, 0.539042, 0.455812, 0.559009, 0.788265, 0.157569, 0.433769, 0.399615, 0.269877, 0.350978, 0.226107, 0.670276, 0.820466, 0.937251, 0.753869, 0.661383, 0.978892, 0.496136, 0.370947, 0.614155, 0.807358, 0.211097, 0.850708, 0.059840, 0.744555, 0.417228, 0.328850, 0.527452, 0.261841, 0.631996, 0.256112, 0.080498, 0.166858, 0.910310, 0.991081, 0.135001, 0.332254, 0.589828, 0.200253, 0.273830, 0.859512, 0.701109, 0.726290, 0.482185, 0.460655, 0.979770, 0.744735, 0.017721, 0.786994, 0.235510, 0.163555, 0.049028, 0.026977, 0.273255, 0.556529, 0.512980, 0.519376, 0.247528, 0.216498, 0.157908, 0.364356, 0.879839, 0.255629, 0.347136, 0.818135, 0.345610, 0.844089, 0.218282, 0.391137, 0.625574, 0.124434, 0.595715, 0.213217, 0.098788, 0.189644, 0.901912, 0.298602, 0.517412, 0.704704, 0.011611, 0.655615, 0.496729, 0.855219, 0.509155, 0.903043, 0.634837, 0.100150, 0.699994, 0.797748, 0.695759, 0.370475, 0.503477, 0.075218, 0.886714, 0.831829, 0.717386, 0.877188, 0.526060, 0.142541, 0.165968, 0.762717, 0.027288, 0.507450, 0.934816, 0.632674, 0.522896, 0.349153, 0.746496, 0.542585, 0.132075, 0.107361, 0.960255, 0.902692, 0.069820, 0.336562, 0.173658, 0.452757, 0.559808, 0.779425, 0.826139, 0.498591, 0.272442, 0.138171, 0.922480, 0.945052, 0.269158, 0.371546, 0.691338, 0.362491, 0.015924, 0.789740, 0.659044, 0.305373, 0.277711, 0.202475, 0.570589, 0.221493, 0.738841, 0.537925, 0.227419, 0.744746, 0.940987, 0.035324, 0.946735, 0.219502, 0.323254, 0.294429, 0.539381, 0.416680, 0.771220, 0.732718, 0.858568, 0.006520, 0.417316, 0.488419, 0.932112, 0.771585, 0.276659, 0.451237, 0.347367, 0.529787, 0.078199, 0.003417, 0.497158, 0.201680, 0.565606, 0.078204, 0.731378, 0.834380, 0.140664, 0.456981, 0.531461, 0.323515, 0.659120, 0.160821, 0.227901, 0.328431, 0.969734, 0.346810, 0.684610, 0.803348, 0.626260, 0.739260, 0.047319, 0.325964, 0.573654, 0.954533, 0.624783, 0.553774, 0.547185, 0.609353, 0.712962, 0.548422, 0.435599, 0.007743, 0.933675, 0.375343, 0.025778]"
2,国民健康保険,保険証の再発行はどうすればいいですか？,窓口で申請書を提出し、本人確認書類を提示してください。,"[0.487667, 0.615759, 0.608016, 0.454145, 0.251125, 0.768628, 0.042594, 0.318281, 0.413321, 0.062049, 0.200699, 0.193457, 0.173498, 0.751547, 0.602082, 0.543289, 0.327735, 0.119516, 0.722607, 0.502763, 0.555153, 0.857330, 0.942232, 0.902092, 0.327649, 0.125017, 0.895178, 0.869080, 0.323926, 0.725794, 0.708119, 0.894629, 0.315983, 0.030480, 0.493739, 0.000649, 0.343514, 0.518634, 0.789388, 0.540527, 0.070007, 0.079489, 0.107792, 0.088424, 0.682512, 0.792320, 0.428943, 0.156993, 0.012044, 0.192791, 0.359069, 0.653458, 0.654573, 0.921202, 0.074212, 0.768772, 0.051970, 0.781691, 0.538445, 0.317287, 0.532626, 0.495679, 0.000971, 0.724677, 0.937878, 0.542292, 0.921010, 0.736312, 0.913382, 0.461849, 0.197938, 0.346066, 0.766529, 0.599977, 0.131214, 0.776463, 0.496066, 0.443626, 0.262472, 0.088486, 0.505794, 0.673474, 0.500977, 0.433076, 0.539286, 0.336838, 0.280385, 0.736294, 0.889579, 0.176974, 0.414856, 0.800645, 0.980214, 0.228547, 0.581120, 0.717052, 0.888931, 0.466052, 0.330145, 0.703242, 0.804473, 0.940911, 0.623722, 0.392171, 0.232767, 0.241161, 0.819819, 0.153748, 0.145079, 0.770397, 0.414257, 0.058928, 0.538790, 0.514215, 0.686867, 0.924432, 0.586867, 0.562142, 0.514003, 0.525079, 0.350837, 0.342460, 0.936329, 0.874868, 0.383098, 0.627511, 0.823287, 0.206495, 0.003262, 0.223297, 0.676514, 0.295771, 0.525249, 0.521552, 0.303375, 0.227148, 0.112879, 0.638359, 0.867574, 0.432322, 0.603153, 0.375565, 0.656712, 0.720123, 0.167891, 0.540095, 0.952203, 0.280751, 0.594388, 0.356854, 0.206815, 0.624480, 0.298805, 0.223127, 0.958031, 0.742420, 0.366128, 0.792813, 0.538779, 0.492242, 0.403959, 0.612068, 0.702271, 0.450364, 0.625724, 0.312828, 0.204312, 0.299641, 0.929723, 0.356413, 0.018993, 0.344839, 0.425423, 0.667321, 0.145048, 0.797632, 0.498255, 0.600154, 0.465747, 0.568489, 0.061281, 0.441332, 0.644380, 0.715147, 0.439722, 0.847503, 0.132732, 0.653933, 0.002913, 0.168584, 0.788998, 0.160935, 0.513910, 0.105037, 0.343725, 0.494158, 0.270085, 0.908531, 0.847059, 0.589386, 0.769031, 0.850942, 0.631578, 0.185166, 0.287426, 0.407241, 0.951201, 0.416551, 0.844086, 0.186870, 0.674473, 0.234922, 0.414981, 0.520539, 0.251051, 0.414613, 0.713094, 0.173429, 0.185956, 0.067010, 0.464291, 0.472217, 0.864938, 0.607345, 0.815375, 0.835007, 0.341714, 0.878718, 0.724359, 0.920138, 0.316238, 0.391646, 0.104567, 0.399386, 0.781636, 0.085915, 0.370386, 0.817954, 0.986853, 0.154250, 0.495586, 0.494238, 0.608264, 0.333215, 0.794287, 0.610617, 0.632433, 0.184117, 0.370376, 0.086614, 0.941850, 0.864060, 0.019000, 0.386390, 0.229565, 0.182645, 0.732387, 0.797439, 0.610827, 0.896925, 0.227425, 0.902310, 0.727051, 0.404884, 0.789224, 0.073402, 0.472311, 0.404857, 0.552621, 0.913586, 0.851345, 0.001791, 0.006858, 0.647553, 0.890964, 0.812367, 0.631147, 0.999853, 0.461228, 0.886064, 0.203694, 0.099089, 0.436768, 0.838447, 0.248463, 0.936508, 0.232460, 0.072359, 0.677651, 0.085047, 0.236715, 0.958041, 0.517085, 0.500084, 0.516215, 0.508731, 0.609086, 0.839847, 0.099008, 0.462191, 0.977405, 0.257579, 0.766406, 0.462606, 0.863317, 0.093350, 0.194224, 0.608272, 0.489543, 0.065266, 0.556565, 0.383098, 0.042152, 0.854672, 0.865630, 0.640542, 0.225948, 0.962820, 0.809190, 0.176698, 0.579282, 0.775496, 0.831878, 0.146761, 0.842213, 0.705448, 0.609410, 0.072453, 0.809668, 0.917470, 0.042481, 0.462241, 0.613377, 0.586819, 0.411275, 0.600059, 0.848173, 0.869859, 0.675976, 0.782743, 0.758777, 0.262654, 0.155880, 0.365742, 0.543584, 0.964225, 0.952177, 0.359543, 0.245198, 0.462454, 0.825686, 0.921180, 0.468477, 0.922662, 0.489958, 0.022920, 0.550082, 0.449881, 0.037114, 0.926068, 0.636084, 0.496031, 0.056733, 0.718603, 0.539599, 0.614003, 0.076538, 0.798283, 0.715273, 0.056735, 0.413303, 0.566831, 0.919827, 0.900453, 0.294293, 0.836953, 0.307794, 0.787635, 0.220304, 0.787094, 0.907940, 0.459168, 0.370272, 0.685388]"
3,税金,住民税の納付期限はいつですか？,通常は年4回の納期（6月、8月、10月、翌年1月）があります。,"[0.846424, 0.726384, 0.301799, 0.654910, 0.420349, 0.547545, 0.805274, 0.477834, 0.601556, 0.301242, 0.260543, 0.452953, 0.705187, 0.427130, 0.739498, 0.866564, 0.161758, 0.576470, 0.669950, 0.993911, 0.769259, 0.136934, 0.919370, 0.366995, 0.463783, 0.847125, 0.198507, 0.383239, 0.038832, 0.903871, 0.329104, 0.571639, 0.521152, 0.281496, 0.256028, 0.567488, 0.438749, 0.697452, 0.115295, 0.312168, 0.057031, 0.127291, 0.969142, 0.231214, 0.905382, 0.198395, 0.664061, 0.458956, 0.108691, 0.493644, 0.708859, 0.989846, 0.032806, 0.161679, 0.694087, 0.152010, 0.092237, 0.151366, 0.888707, 0.095069, 0.734080, 0.170293, 0.037641, 0.165603, 0.739863, 0.869531, 0.352681, 0.311244, 0.185833, 0.441327, 0.067403, 0.394993, 0.619322, 0.479476, 0.300398, 0.024078, 0.738722, 0.914431, 0.980515, 0.800339, 0.464439, 0.359521, 0.944072, 0.787133, 0.856240, 0.394451, 0.158907, 0.036197, 0.619136, 0.677500, 0.888404, 0.410828, 0.105377, 0.675380, 0.282141, 0.405187, 0.935508, 0.583888, 0.857812, 0.504321, 0.969560, 0.503619, 0.383505, 0.399109, 0.739932, 0.146627, 0.175146, 0.506322, 0.580472, 0.922815, 0.691191, 0.588398, 0.714294, 0.700664, 0.241807, 0.213234, 0.338715, 0.797908, 0.878591, 0.470973, 0.037530, 0.286020, 0.738559, 0.385307, 0.906601, 0.689286, 0.297592, 0.699772, 0.178317, 0.498572, 0.926393, 0.594559, 0.621582, 0.518694, 0.362849, 0.199035, 0.923366, 0.721237, 0.840226, 0.758487, 0.795075, 0.753119, 0.279159, 0.336496, 0.930649, 0.063627, 0.747019, 0.794118, 0.127431, 0.634192, 0.430274, 0.888750, 0.758330, 0.452423, 0.994736, 0.623748, 0.751665, 0.650827, 0.964168, 0.792478, 0.373211, 0.157552, 0.963388, 0.517545, 0.593026, 0.897541, 0.823236, 0.140965, 0.053692, 0.293159, 0.632855, 0.727762, 0.980618, 0.635148, 0.766438, 0.010405, 0.117789, 0.698740, 0.292147, 0.472305, 0.015742, 0.285049, 0.718403, 0.495695, 0.066899, 0.987495, 0.910740, 0.174879, 0.125937, 0.988850, 0.505800, 0.560515, 0.572385, 0.659534, 0.571689, 0.527720, 0.998737, 0.138025, 0.190309, 0.113297, 0.218387, 0.464352, 0.862132, 0.218898, 0.120142, 0.774482, 0.951067, 0.904685, 0.614582, 0.537742, 0.675947, 0.311895, 0.763552, 0.480195, 0.388771, 0.026205, 0.945152, 0.499944, 0.681868, 0.302737, 0.053591, 0.649756, 0.556881, 0.179489, 0.394719, 0.377262, 0.877478, 0.525899, 0.821859, 0.192248, 0.206258, 0.895092, 0.882070, 0.381821, 0.817760, 0.250537, 0.388583, 0.749448, 0.888573, 0.584824, 0.351900, 0.037234, 0.019461, 0.156082, 0.901706, 0.825089, 0.163974, 0.829490, 0.598141, 0.413619, 0.327927, 0.476445, 0.810011, 0.493390, 0.581992, 0.934013, 0.219183, 0.764994, 0.274179, 0.601029, 0.171825, 0.162324, 0.363424, 0.469758, 0.677761, 0.715527, 0.595919, 0.428043, 0.446950, 0.838801, 0.193258, 0.705645, 0.514394, 0.665631, 0.899789, 0.856429, 0.152523, 0.933168, 0.787249, 0.286775, 0.715273, 0.220196, 0.828282, 0.674688, 0.673046, 0.435283, 0.156293, 0.212796, 0.631710, 0.416724, 0.678696, 0.670715, 0.564426, 0.198986, 0.327918, 0.540916, 0.021311, 0.038539, 0.550999, 0.392343, 0.102082, 0.766033, 0.756302, 0.100208, 0.284624, 0.540830, 0.229278, 0.062770, 0.682108, 0.622782, 0.847312, 0.295234, 0.062757, 0.876689, 0.643896, 0.235581, 0.929347, 0.707157, 0.414760, 0.017284, 0.963955, 0.309386, 0.832102, 0.852499, 0.877834, 0.809358, 0.919408, 0.574608, 0.134138, 0.524387, 0.879124, 0.054608, 0.373631, 0.347539, 0.035618, 0.782690, 0.387676, 0.239270, 0.820301, 0.042625, 0.300639, 0.705008, 0.916290, 0.793409, 0.743462, 0.137315, 0.765969, 0.095847, 0.372015, 0.026191, 0.165960, 0.145741, 0.209917, 0.748837, 0.396391, 0.624583, 0.957302, 0.117807, 0.010865, 0.358685, 0.485696, 0.453792, 0.294120, 0.670747, 0.357901, 0.172510, 0.096244, 0.912296, 0.619326, 0.293865, 0.942922, 0.021054, 0.823254, 0.183866, 0.911127, 0.851243, 0.982869, 0.164753, 0.700087, 0.771708, 0.839919, 0.298643, 0.946964, 0.636529]"
4,マイナンバー,マイナンバーカードの更新は必要ですか？,電子証明書の有効期限（5年）ごとに更新が必要です。,"[0.597278, 0.385917, 0.510828, 0.810719, 0.683972, 0.230005, 0.221398, 0.408705, 0.964207, 0.951249, 0.805560, 0.416441, 0.931678, 0.022082, 0.533971, 0.832122, 0.272860, 0.454104, 0.298899, 0.495600, 0.639878, 0.352335, 0.191759, 0.461883, 0.063149, 0.100975, 0.294151, 0.166204, 0.008399, 0.291964, 0.087729, 0.559341, 0.954062, 0.052589, 0.455216, 0.090998, 0.795115, 0.147507, 0.282591, 0.159633, 0.017443, 0.512449, 0.747924, 0.420843, 0.957621, 0.907017, 0.047259, 0.199493, 0.894231, 0.784388, 0.745415, 0.569423, 0.634811, 0.105224, 0.547335, 0.426292, 0.441690, 0.383132, 0.998386, 0.704026, 0.573091, 0.867082, 0.541351, 0.977533, 0.175129, 0.040292, 0.510611, 0.729621, 0.875884, 0.482830, 0.077564, 0.216187, 0.581730, 0.076056, 0.316069, 0.956374, 0.252114, 0.936650, 0.313011, 0.621782, 0.436973, 0.979493, 0.793781, 0.773880, 0.690545, 0.173042, 0.691094, 0.991215, 0.054469, 0.786896, 0.837334, 0.543736, 0.902639, 0.831763, 0.473654, 0.254852, 0.003488, 0.779570, 0.170303, 0.322771, 0.468517, 0.159593, 0.471823, 0.320532, 0.768839, 0.278476, 0.387082, 0.701538, 0.610471, 0.710606, 0.576541, 0.766046, 0.886532, 0.243208, 0.240300, 0.335893, 0.764835, 0.208162, 0.351732, 0.510260, 0.224165, 0.417931, 0.024574, 0.198585, 0.046607, 0.141786, 0.680440, 0.653717, 0.707157, 0.119019, 0.618399, 0.721053, 0.060524, 0.329055, 0.244751, 0.985136, 0.714739, 0.343475, 0.286980, 0.675173, 0.934119, 0.028553, 0.199052, 0.309046, 0.400149, 0.421328, 0.014226, 0.784526, 0.213891, 0.419359, 0.990419, 0.358645, 0.206922, 0.967615, 0.677938, 0.951790, 0.457709, 0.059711, 0.248311, 0.897330, 0.180514, 0.340355, 0.928690, 0.620627, 0.092002, 0.088063, 0.618716, 0.950487, 0.338025, 0.386254, 0.581111, 0.990556, 0.361202, 0.490171, 0.063844, 0.263575, 0.621061, 0.523441, 0.557208, 0.327410, 0.921335, 0.008743, 0.627386, 0.808865, 0.198743, 0.136236, 0.185767, 0.903466, 0.445002, 0.188590, 0.639546, 0.003114, 0.381686, 0.031195, 0.262251, 0.594744, 0.050715, 0.683070, 0.251390, 0.436081, 0.530910, 0.746297, 0.222607, 0.593912, 0.214752, 0.266005, 0.326944, 0.322719, 0.452316, 0.835201, 0.796621, 0.991719, 0.296902, 0.205196, 0.297073, 0.625840, 0.928784, 0.178668, 0.839074, 0.731923, 0.015028, 0.518375, 0.114023, 0.200928, 0.498936, 0.443217, 0.698188, 0.320491, 0.707872, 0.397068, 0.947047, 0.567496, 0.196123, 0.488234, 0.810151, 0.412096, 0.101114, 0.910605, 0.599220, 0.784266, 0.371173, 0.856906, 0.123075, 0.507076, 0.371006, 0.309215, 0.739950, 0.924632, 0.684394, 0.903804, 0.074903, 0.978751, 0.479574, 0.633434, 0.363284, 0.419106, 0.692056, 0.610793, 0.314284, 0.308805, 0.523831, 0.178778, 0.598116, 0.704209, 0.598880, 0.606636, 0.641853, 0.205464, 0.085883, 0.636878, 0.328327, 0.202836, 0.997910, 0.617111, 0.975607, 0.764038, 0.638358, 0.813171, 0.875186, 0.253616, 0.972043, 0.795964, 0.318115, 0.580081, 0.043899, 0.406455, 0.575292, 0.473347, 0.672006, 0.611831, 0.352738, 0.683851, 0.439399, 0.158652, 0.379126, 0.624093, 0.073109, 0.630116, 0.622272, 0.168552, 0.617147, 0.401490, 0.382360, 0.232131, 0.877844, 0.017225, 0.951560, 0.301926, 0.109750, 0.762405, 0.529359, 0.953808, 0.383825, 0.992481, 0.201956, 0.877848, 0.122584, 0.681027, 0.679516, 0.799588, 0.158541, 0.936370, 0.128388, 0.753072, 0.563016, 0.836275, 0.335466, 0.753224, 0.378229, 0.564038, 0.041157, 0.017342, 0.115837, 0.813872, 0.209508, 0.493469, 0.091062, 0.392028, 0.223776, 0.094588, 0.986450, 0.972624, 0.292891, 0.673382, 0.090161, 0.067461, 0.062448, 0.630835, 0.516503, 0.968123, 0.356525, 0.823467, 0.548528, 0.874661, 0.453752, 0.274065, 0.777375, 0.350072, 0.732652, 0.937418, 0.113821, 0.577335, 0.414109, 0.132869, 0.736864, 0.881082, 0.235564, 0.589584, 0.684227, 0.474900, 0.712023, 0.435297, 0.311350, 0.796692, 0.421047, 0.625264, 0.509118, 0.244379, 0.409495, 0.971724, 0.318130, 0.321164, 0.257407, 0.102740]"
5,戸籍,戸籍謄本と抄本の違いは何ですか？,謄本は全員分、抄本は個人のみを記載しています。,"[0.336846, 0.749680, 0.220856, 0.534387, 0.563395, 0.791591, 0.264672, 0.628483, 0.678310, 0.636257, 0.193655, 0.450840, 0.410835, 0.464336, 0.341401, 0.798599, 0.082893, 0.654405, 0.075455, 0.252514, 0.653268, 0.798074, 0.448425, 0.437732, 0.830934, 0.644767, 0.944209, 0.784669, 0.710744, 0.332984, 0.928512, 0.531655, 0.024327, 0.416652, 0.387541, 0.797415, 0.605047, 0.170944, 0.758493, 0.255423, 0.696570, 0.510380, 0.237655, 0.032234, 0.317584, 0.058877, 0.146856, 0.824081, 0.530862, 0.644291, 0.696059, 0.367819, 0.116313, 0.713107, 0.106516, 0.346015, 0.725283, 0.269490, 0.930656, 0.185234, 0.471549, 0.999566, 0.678749, 0.512987, 0.913705, 0.235984, 0.702013, 0.774623, 0.192588, 0.993163, 0.200851, 0.692503, 0.284322, 0.440943, 0.146675, 0.473783, 0.357474, 0.111828, 0.867395, 0.554127, 0.772860, 0.368619, 0.097192, 0.892565, 0.018464, 0.372037, 0.106189, 0.732176, 0.619564, 0.690246, 0.350534, 0.914161, 0.994596, 0.324612, 0.122648, 0.163649, 0.704802, 0.389635, 0.671335, 0.526661, 0.812995, 0.967362, 0.252832, 0.455064, 0.879919, 0.819424, 0.724838, 0.009917, 0.286421, 0.069638, 0.503920, 0.964563, 0.793214, 0.758998, 0.411428, 0.908767, 0.671461, 0.497750, 0.122463, 0.292101, 0.779654, 0.512210, 0.035258, 0.560631, 0.609619, 0.595811, 0.663115, 0.508016, 0.756858, 0.146288, 0.689338, 0.798644, 0.138867, 0.639914, 0.411416, 0.181041, 0.422982, 0.501215, 0.420871, 0.528326, 0.526176, 0.026946, 0.169404, 0.101625, 0.352674, 0.025198, 0.832633, 0.698138, 0.404574, 0.369649, 0.719927, 0.191139, 0.042750, 0.716874, 0.127800, 0.899976, 0.417808, 0.006737, 0.250284, 0.240351, 0.896137, 0.253291, 0.243978, 0.748244, 0.006019, 0.784725, 0.708707, 0.367078, 0.383888, 0.935759, 0.338915, 0.343282, 0.396243, 0.282139, 0.577501, 0.086570, 0.183256, 0.333224, 0.580654, 0.433802, 0.694672, 0.468329, 0.414815, 0.350845, 0.427186, 0.838295, 0.339121, 0.475328, 0.173264, 0.935046, 0.132752, 0.599567, 0.350368, 0.518388, 0.283615, 0.727748, 0.900399, 0.914183, 0.743992, 0.419611, 0.869224, 0.678367, 0.951808, 0.869175, 0.636798, 0.274472, 0.977101, 0.684415, 0.226713, 0.533619, 0.673294, 0.575792, 0.373493, 0.722982, 0.165703, 0.893890, 0.376737, 0.340183, 0.926263, 0.225227, 0.437711, 0.193859, 0.734168, 0.097896, 0.817300, 0.536751, 0.214273, 0.039089, 0.418767, 0.191554, 0.856953, 0.109680, 0.888348, 0.967626, 0.670819, 0.781820, 0.667434, 0.882031, 0.524323, 0.373114, 0.537453, 0.330630, 0.038506, 0.756588, 0.986914, 0.260954, 0.644375, 0.890726, 0.644167, 0.183014, 0.397344, 0.323313, 0.744480, 0.033261, 0.680900, 0.535881, 0.856924, 0.837053, 0.280197, 0.582157, 0.888614, 0.936292, 0.506555, 0.685197, 0.259617, 0.385009, 0.445754, 0.645811, 0.757036, 0.342476, 0.222851, 0.667134, 0.889285, 0.922719, 0.400275, 0.580165, 0.482725, 0.560646, 0.866676, 0.038627, 0.322829, 0.108690, 0.917504, 0.359633, 0.142259, 0.427145, 0.333622, 0.602232, 0.078477, 0.970993, 0.581050, 0.457067, 0.037649, 0.041093, 0.116263, 0.752390, 0.096900, 0.816880, 0.934612, 0.311261, 0.159553, 0.821314, 0.129478, 0.921854, 0.261965, 0.884135, 0.101146, 0.551666, 0.012526, 0.064901, 0.559437, 0.083887, 0.099546, 0.463308, 0.929944, 0.846088, 0.664462, 0.587059, 0.496704, 0.745629, 0.676600, 0.172440, 0.660273, 0.502274, 0.394098, 0.026314, 0.303996, 0.053222, 0.708154, 0.905550, 0.414774, 0.316183, 0.791970, 0.157527, 0.000615, 0.296695, 0.977632, 0.081314, 0.967428, 0.414250, 0.790187, 0.553741, 0.392881, 0.807686, 0.211755, 0.546064, 0.572871, 0.296392, 0.189267, 0.786199, 0.100153, 0.424598, 0.176660, 0.773158, 0.113086, 0.165909, 0.411497, 0.346814, 0.509453, 0.193220, 0.304164, 0.542315, 0.731184, 0.892348, 0.313405, 0.008746, 0.343694, 0.096471, 0.956762, 0.810794, 0.178661, 0.398706, 0.120678, 0.132664, 0.935387, 0.373008, 0.672457, 0.575192, 0.664750, 0.984902, 0.839021, 0.501119, 0.480736, 0.493285]"
6,国民年金,年金保険料の免除申請はどこで行えますか？,お住まいの市区町村の年金担当窓口で手続き可能です。,"[0.237715, 0.668056, 0.046884, 0.025283, 0.987718, 0.264492, 0.076924, 0.331468, 0.128521, 0.027164, 0.073663, 0.250294, 0.878874, 0.375396, 0.957919, 0.990490, 0.454183, 0.002010, 0.600407, 0.770764, 0.147574, 0.771669, 0.266131, 0.757286, 0.311697, 0.378481, 0.661713, 0.653061, 0.165447, 0.063330, 0.246149, 0.131100, 0.299698, 0.669498, 0.763351, 0.338208, 0.350632, 0.096356, 0.007319, 0.021852, 0.982288, 0.363514, 0.019085, 0.476893, 0.868904, 0.117901, 0.498616, 0.514621, 0.454637, 0.638033, 0.508499, 0.333399, 0.967690, 0.138712, 0.072519, 0.577781, 0.709245, 0.900965, 0.187224, 0.825359, 0.806235, 0.256405, 0.512580, 0.340801, 0.104366, 0.261296, 0.752194, 0.856985, 0.968482, 0.401786, 0.702798, 0.932843, 0.902809, 0.869777, 0.675311, 0.252967, 0.866784, 0.229482, 0.875676, 0.217141, 0.807803, 0.045347, 0.237473, 0.934670, 0.246111, 0.227192, 0.547245, 0.995955, 0.863876, 0.245151, 0.350825, 0.346017, 0.831356, 0.094437, 0.122376, 0.363534, 0.037236, 0.568807, 0.570236, 0.057494, 0.930930, 0.007512, 0.283408, 0.313210, 0.819297, 0.366075, 0.439635, 0.993029, 0.414116, 0.607431, 0.420848, 0.155101, 0.042871, 0.759131, 0.278206, 0.306915, 0.279704, 0.576985, 0.056859, 0.431011, 0.358434, 0.360470, 0.189491, 0.832036, 0.043503, 0.757783, 0.185198, 0.997210, 0.028977, 0.258273, 0.252365, 0.118936, 0.372455, 0.529850, 0.564175, 0.893269, 0.859955, 0.109990, 0.214196, 0.451963, 0.338534, 0.533757, 0.853816, 0.559744, 0.343345, 0.273154, 0.642948, 0.846071, 0.084683, 0.830255, 0.718386, 0.460426, 0.889858, 0.623871, 0.074720, 0.486723, 0.120553, 0.562020, 0.124652, 0.253702, 0.757362, 0.721084, 0.621811, 0.185318, 0.614382, 0.401290, 0.929092, 0.024663, 0.724882, 0.764580, 0.452142, 0.009004, 0.673107, 0.153560, 0.040722, 0.124651, 0.529262, 0.210836, 0.567437, 0.168145, 0.800988, 0.122992, 0.943191, 0.975358, 0.286238, 0.122090, 0.889057, 0.381762, 0.035264, 0.984908, 0.565069, 0.645318, 0.456246, 0.315167, 0.237695, 0.961774, 0.797579, 0.046154, 0.134215, 0.455695, 0.637133, 0.032145, 0.284525, 0.091057, 0.445618, 0.278795, 0.543118, 0.603655, 0.128679, 0.206083, 0.022202, 0.169196, 0.995067, 0.060286, 0.099601, 0.566875, 0.682265, 0.795510, 0.662112, 0.194996, 0.769573, 0.719718, 0.736353, 0.084905, 0.617734, 0.923401, 0.201787, 0.518753, 0.523196, 0.780408, 0.864998, 0.068425, 0.504963, 0.939477, 0.928163, 0.421773, 0.470834, 0.157254, 0.445652, 0.110073, 0.603794, 0.184403, 0.789912, 0.413371, 0.066485, 0.720069, 0.242518, 0.515426, 0.050954, 0.648725, 0.664810, 0.225900, 0.271806, 0.399665, 0.237225, 0.622324, 0.143634, 0.513612, 0.689956, 0.327442, 0.856958, 0.869709, 0.055913, 0.929713, 0.973059, 0.766737, 0.253788, 0.495824, 0.186090, 0.781860, 0.039453, 0.379514, 0.131418, 0.946846, 0.702037, 0.864215, 0.960065, 0.078335, 0.565709, 0.266700, 0.000541, 0.359717, 0.015666, 0.057749, 0.225909, 0.382449, 0.053562, 0.481162, 0.122269, 0.051536, 0.927807, 0.266829, 0.330030, 0.151926, 0.764986, 0.383263, 0.837808, 0.638455, 0.955577, 0.655370, 0.337531, 0.390147, 0.421794, 0.233875, 0.313810, 0.126739, 0.312747, 0.556045, 0.141484, 0.057128, 0.857322, 0.429258, 0.898658, 0.745172, 0.791155, 0.516509, 0.764471, 0.588305, 0.485635, 0.496608, 0.157802, 0.977329, 0.636600, 0.712874, 0.120294, 0.869333, 0.364804, 0.047825, 0.572659, 0.215763, 0.219738, 0.025614, 0.624974, 0.523487, 0.884090, 0.262794, 0.272208, 0.166246, 0.268458, 0.522681, 0.966398, 0.435671, 0.053310, 0.678038, 0.374210, 0.059873, 0.154046, 0.722367, 0.442359, 0.396225, 0.736080, 0.950671, 0.757251, 0.609739, 0.997998, 0.147857, 0.466470, 0.050928, 0.267312, 0.034015, 0.498911, 0.428994, 0.777919, 0.248179, 0.181824, 0.603313, 0.206480, 0.789853, 0.782060, 0.133732, 0.548521, 0.907245, 0.990838, 0.136860, 0.895480, 0.273249, 0.145738, 0.721329, 0.139986, 0.313978, 0.206177, 0.345865, 0.044865, 0.414901]"
7,児童手当,児童手当の所得制限はありますか？,一定の所得以上の場合、特例給付のみになります。,"[0.233508, 0.846878, 0.748436, 0.820163, 0.308370, 0.081095, 0.388045, 0.141595, 0.287536, 0.087781, 0.123302, 0.646864, 0.093065, 0.370768, 0.529271, 0.864962, 0.487638, 0.002529, 0.127182, 0.859107, 0.554334, 0.062936, 0.202110, 0.989150, 0.028134, 0.792609, 0.405318, 0.825261, 0.908286, 0.340308, 0.532330, 0.028037, 0.104539, 0.177200, 0.485596, 0.232995, 0.347283, 0.854591, 0.737060, 0.888841, 0.412463, 0.997719, 0.802751, 0.733356, 0.242812, 0.958403, 0.652027, 0.819628, 0.782716, 0.467116, 0.567880, 0.134833, 0.404655, 0.321718, 0.983401, 0.322346, 0.949738, 0.609397, 0.349844, 0.371495, 0.636512, 0.160470, 0.412770, 0.466769, 0.063116, 0.184853, 0.272828, 0.888563, 0.056546, 0.551306, 0.164101, 0.106272, 0.731389, 0.327043, 0.721801, 0.603523, 0.878872, 0.556241, 0.875137, 0.091704, 0.080345, 0.357184, 0.292179, 0.310081, 0.182635, 0.970652, 0.907198, 0.242890, 0.921076, 0.042188, 0.451085, 0.555493, 0.139687, 0.266805, 0.596667, 0.422114, 0.466205, 0.757382, 0.278445, 0.281791, 0.504794, 0.849782, 0.344045, 0.705183, 0.795718, 0.654627, 0.650151, 0.771934, 0.304461, 0.037430, 0.274726, 0.348664, 0.184132, 0.393765, 0.309998, 0.138672, 0.571085, 0.589181, 0.463281, 0.699406, 0.869314, 0.746562, 0.053900, 0.511468, 0.841333, 0.345326, 0.503614, 0.186725, 0.819298, 0.473710, 0.821640, 0.282222, 0.261807, 0.567155, 0.291774, 0.233985, 0.645568, 0.838936, 0.497669, 0.053629, 0.776009, 0.645205, 0.543418, 0.229296, 0.867833, 0.702655, 0.744357, 0.742243, 0.441783, 0.722830, 0.813596, 0.205361, 0.576822, 0.925950, 0.174909, 0.906814, 0.853519, 0.240623, 0.225936, 0.244768, 0.025923, 0.270098, 0.091579, 0.584309, 0.216544, 0.197171, 0.971761, 0.047908, 0.945365, 0.376078, 0.946339, 0.400909, 0.171931, 0.734213, 0.829914, 0.355595, 0.532745, 0.070319, 0.447867, 0.593939, 0.677828, 0.816341, 0.421225, 0.585415, 0.142124, 0.236593, 0.013869, 0.103619, 0.891923, 0.148183, 0.189342, 0.610241, 0.914837, 0.109142, 0.598570, 0.014078, 0.502486, 0.652629, 0.828946, 0.614388, 0.287636, 0.946523, 0.637235, 0.696682, 0.239076, 0.502645, 0.769577, 0.008484, 0.579345, 0.290625, 0.985528, 0.900732, 0.432697, 0.714783, 0.084635, 0.413201, 0.911455, 0.344061, 0.021497, 0.606712, 0.806205, 0.374029, 0.606849, 0.328866, 0.594382, 0.889135, 0.042612, 0.986556, 0.905422, 0.242354, 0.848330, 0.983413, 0.745009, 0.738710, 0.946008, 0.224032, 0.764072, 0.289663, 0.015172, 0.176608, 0.081273, 0.701648, 0.769807, 0.623271, 0.209192, 0.691897, 0.645457, 0.674762, 0.038617, 0.918116, 0.232755, 0.497355, 0.554936, 0.076046, 0.603145, 0.492577, 0.017365, 0.428325, 0.034566, 0.298223, 0.957532, 0.825240, 0.580985, 0.178289, 0.925643, 0.497963, 0.233584, 0.479215, 0.982989, 0.140782, 0.607954, 0.468799, 0.751493, 0.502962, 0.866407, 0.105610, 0.823097, 0.184350, 0.775021, 0.332756, 0.093862, 0.947565, 0.391868, 0.404910, 0.241825, 0.246835, 0.717470, 0.285077, 0.267355, 0.579356, 0.048487, 0.825009, 0.175414, 0.573179, 0.137111, 0.368708, 0.429123, 0.473903, 0.095139, 0.838422, 0.445247, 0.929748, 0.480547, 0.019812, 0.603626, 0.783077, 0.712720, 0.047221, 0.659796, 0.295245, 0.491208, 0.233285, 0.960083, 0.707376, 0.537212, 0.781260, 0.111211, 0.278874, 0.717631, 0.248808, 0.095684, 0.980990, 0.094022, 0.394707, 0.318163, 0.036620, 0.751053, 0.548059, 0.824388, 0.830124, 0.181023, 0.848436, 0.421960, 0.443289, 0.304893, 0.769711, 0.595154, 0.852081, 0.970776, 0.161959, 0.569075, 0.506511, 0.518942, 0.061605, 0.622666, 0.637251, 0.170431, 0.521144, 0.003955, 0.606382, 0.238350, 0.691043, 0.893317, 0.151570, 0.696734, 0.246262, 0.437818, 0.907755, 0.706453, 0.499437, 0.425527, 0.875398, 0.652337, 0.055632, 0.460056, 0.509312, 0.665280, 0.326346, 0.614738, 0.149644, 0.999404, 0.945641, 0.691498, 0.586777, 0.193380, 0.855124, 0.285763, 0.330002, 0.112304, 0.233211, 0.877926, 0.242275, 0.788271, 0.255197]"
8,保育園,保育園の入園申し込みはいつからですか？,毎年10?11月頃から受付が始まります。,"[0.239223, 0.780663, 0.431389, 0.999786, 0.882519, 0.562516, 0.670390, 0.758597, 0.840713, 0.637645, 0.281605, 0.574418, 0.828131, 0.529474, 0.815951, 0.110534, 0.909265, 0.668509, 0.920880, 0.677321, 0.477246, 0.272309, 0.112489, 0.965561, 0.629685, 0.810577, 0.142516, 0.330837, 0.452109, 0.203623, 0.580919, 0.467759, 0.658885, 0.904742, 0.261513, 0.138215, 0.271717, 0.570725, 0.483192, 0.341815, 0.683654, 0.249461, 0.957631, 0.612418, 0.267411, 0.176105, 0.855777, 0.530523, 0.606711, 0.442155, 0.664782, 0.416748, 0.088844, 0.749781, 0.741997, 0.890717, 0.056878, 0.072831, 0.393387, 0.961375, 0.587919, 0.949269, 0.910144, 0.560855, 0.052087, 0.118558, 0.195934, 0.561441, 0.578426, 0.191789, 0.066738, 0.701041, 0.906101, 0.355439, 0.632427, 0.763211, 0.543179, 0.363492, 0.585939, 0.679727, 0.088607, 0.238796, 0.056475, 0.468334, 0.409347, 0.016583, 0.740402, 0.884780, 0.543134, 0.066129, 0.838275, 0.074912, 0.082621, 0.676299, 0.061368, 0.659521, 0.514337, 0.368193, 0.371619, 0.995777, 0.207686, 0.262015, 0.316016, 0.227920, 0.657391, 0.724512, 0.148947, 0.000035, 0.446549, 0.072445, 0.451423, 0.619002, 0.595640, 0.451733, 0.502355, 0.721965, 0.497382, 0.113456, 0.477876, 0.795847, 0.377539, 0.598901, 0.889500, 0.610295, 0.181779, 0.487870, 0.341146, 0.924715, 0.623178, 0.272890, 0.679507, 0.402507, 0.653131, 0.325986, 0.668652, 0.213267, 0.359088, 0.442357, 0.689763, 0.498085, 0.288607, 0.821417, 0.094782, 0.384081, 0.743755, 0.339550, 0.164274, 0.281313, 0.986389, 0.808254, 0.935111, 0.060772, 0.458376, 0.528097, 0.520801, 0.654480, 0.121545, 0.675774, 0.703690, 0.971009, 0.079399, 0.966776, 0.761944, 0.738858, 0.453063, 0.279797, 0.679287, 0.528440, 0.758186, 0.848002, 0.315785, 0.066985, 0.772969, 0.507310, 0.107632, 0.276874, 0.586971, 0.230819, 0.174366, 0.913560, 0.010535, 0.485398, 0.695530, 0.716344, 0.328087, 0.209632, 0.224315, 0.207332, 0.263282, 0.563052, 0.726829, 0.803658, 0.361888, 0.430220, 0.827258, 0.550614, 0.428300, 0.709326, 0.165973, 0.344281, 0.315214, 0.084021, 0.440348, 0.836021, 0.492499, 0.394208, 0.954447, 0.068878, 0.343007, 0.313637, 0.902110, 0.129248, 0.443080, 0.920823, 0.413329, 0.114391, 0.677245, 0.881081, 0.369102, 0.726453, 0.254867, 0.583415, 0.582126, 0.822110, 0.135876, 0.141486, 0.553992, 0.467042, 0.725843, 0.484174, 0.680634, 0.150761, 0.377358, 0.548079, 0.721368, 0.242444, 0.233623, 0.498413, 0.269426, 0.167618, 0.990223, 0.279721, 0.418982, 0.453909, 0.745766, 0.795119, 0.288456, 0.568288, 0.047546, 0.672033, 0.905246, 0.349148, 0.160747, 0.085220, 0.435548, 0.187696, 0.792263, 0.925134, 0.398759, 0.504269, 0.885069, 0.720629, 0.807810, 0.065993, 0.235518, 0.468084, 0.227927, 0.119528, 0.780302, 0.742651, 0.118779, 0.708751, 0.885658, 0.135239, 0.868102, 0.487209, 0.886657, 0.987606, 0.756610, 0.387355, 0.880820, 0.543220, 0.902742, 0.329683, 0.448169, 0.892725, 0.317776, 0.492607, 0.739489, 0.692437, 0.407898, 0.074975, 0.764190, 0.369180, 0.613264, 0.136896, 0.150834, 0.959363, 0.929386, 0.914524, 0.217075, 0.893042, 0.847864, 0.748655, 0.995473, 0.365536, 0.306534, 0.571495, 0.924331, 0.607517, 0.919206, 0.138381, 0.383546, 0.882363, 0.038067, 0.062589, 0.498874, 0.611736, 0.086035, 0.525953, 0.585901, 0.806102, 0.943551, 0.420061, 0.741627, 0.295872, 0.773491, 0.346849, 0.617766, 0.183239, 0.646229, 0.603823, 0.046164, 0.308856, 0.333396, 0.322431, 0.251013, 0.073627, 0.154478, 0.664424, 0.187563, 0.946206, 0.145424, 0.675599, 0.006092, 0.491887, 0.108198, 0.621450, 0.419918, 0.156223, 0.305945, 0.520572, 0.303962, 0.798981, 0.311202, 0.073198, 0.689341, 0.650785, 0.051341, 0.619298, 0.039993, 0.689339, 0.158909, 0.391847, 0.112951, 0.908745, 0.061838, 0.280606, 0.275659, 0.775745, 0.196599, 0.920591, 0.265744, 0.103262, 0.668422, 0.879100, 0.943812, 0.400433, 0.758133, 0.099639, 0.727307, 0.875875, 0.592075, 0.405516]"
9,ごみ収集,粗大ごみの出し方は？,自治体の粗大ごみ受付センターに予約が必要です。,"[0.624093, 0.654291, 0.876272, 0.252557, 0.673285, 0.542362, 0.455094, 0.899893, 0.057679, 0.526880, 0.313748, 0.797519, 0.272434, 0.451368, 0.324568, 0.915309, 0.781937, 0.626717, 0.477458, 0.727635, 0.980655, 0.192979, 0.264249, 0.059343, 0.319342, 0.836266, 0.264535, 0.800244, 0.793096, 0.726716, 0.094929, 0.442551, 0.259511, 0.073141, 0.778875, 0.121939, 0.551310, 0.948634, 0.661888, 0.306122, 0.627443, 0.813141, 0.815374, 0.149478, 0.431704, 0.553467, 0.237658, 0.711677, 0.324927, 0.652757, 0.851417, 0.433367, 0.586220, 0.528101, 0.680418, 0.456646, 0.779080, 0.810916, 0.653530, 0.548575, 0.687707, 0.182472, 0.006043, 0.093103, 0.328107, 0.468607, 0.264793, 0.832993, 0.142726, 0.024043, 0.529451, 0.226217, 0.004524, 0.948322, 0.744658, 0.877814, 0.188871, 0.112971, 0.562387, 0.259585, 0.767848, 0.569604, 0.450328, 0.564453, 0.470051, 0.094271, 0.677043, 0.657595, 0.735800, 0.905097, 0.157214, 0.878881, 0.174515, 0.009756, 0.541967, 0.209762, 0.963086, 0.116838, 0.801083, 0.294132, 0.675804, 0.597459, 0.825726, 0.741709, 0.970326, 0.763839, 0.788200, 0.767452, 0.043105, 0.496525, 0.290186, 0.142782, 0.095268, 0.189896, 0.308785, 0.142105, 0.120303, 0.676239, 0.248049, 0.845109, 0.335771, 0.253091, 0.594432, 0.327829, 0.004280, 0.793555, 0.736944, 0.987041, 0.746557, 0.278598, 0.880960, 0.833324, 0.156949, 0.659791, 0.846232, 0.808993, 0.002651, 0.808206, 0.233067, 0.522482, 0.658954, 0.503477, 0.630113, 0.001750, 0.155124, 0.273248, 0.654136, 0.131723, 0.181096, 0.864846, 0.481715, 0.519239, 0.551118, 0.080222, 0.520076, 0.175086, 0.559795, 0.872599, 0.129468, 0.145595, 0.744618, 0.995668, 0.358739, 0.489533, 0.067483, 0.891906, 0.222040, 0.831980, 0.340700, 0.326743, 0.595365, 0.531013, 0.897931, 0.828973, 0.448993, 0.425289, 0.637547, 0.953929, 0.072045, 0.723942, 0.595340, 0.584005, 0.641184, 0.312325, 0.199206, 0.338948, 0.169330, 0.021445, 0.944830, 0.391710, 0.034584, 0.176034, 0.232067, 0.549342, 0.293695, 0.485700, 0.394389, 0.558178, 0.919955, 0.512070, 0.925540, 0.040416, 0.570708, 0.422163, 0.953093, 0.688145, 0.007905, 0.273938, 0.065438, 0.798073, 0.314950, 0.698407, 0.022685, 0.330121, 0.529984, 0.304898, 0.395229, 0.722291, 0.698891, 0.655886, 0.933463, 0.836100, 0.042208, 0.964848, 0.726038, 0.030011, 0.607061, 0.390660, 0.830354, 0.113156, 0.677016, 0.118602, 0.446832, 0.693882, 0.218318, 0.088507, 0.784876, 0.137944, 0.205359, 0.520044, 0.025434, 0.729781, 0.784891, 0.448876, 0.529583, 0.901233, 0.926793, 0.275359, 0.125305, 0.165863, 0.782525, 0.382907, 0.647794, 0.506610, 0.224066, 0.972529, 0.869016, 0.992064, 0.870282, 0.857533, 0.470822, 0.409931, 0.160831, 0.700850, 0.491794, 0.531880, 0.308875, 0.905568, 0.685269, 0.159351, 0.069217, 0.173731, 0.257155, 0.957114, 0.294786, 0.518750, 0.889614, 0.515419, 0.687574, 0.045679, 0.206254, 0.240204, 0.158689, 0.933110, 0.963222, 0.002508, 0.137091, 0.980397, 0.446155, 0.892878, 0.087625, 0.961714, 0.137925, 0.901139, 0.947858, 0.936970, 0.739709, 0.113003, 0.372065, 0.014209, 0.427358, 0.233694, 0.894801, 0.219466, 0.874667, 0.410364, 0.488873, 0.495842, 0.152907, 0.160085, 0.161874, 0.659214, 0.063776, 0.254741, 0.634344, 0.005869, 0.398730, 0.893083, 0.225996, 0.283886, 0.264190, 0.248324, 0.445814, 0.577971, 0.210357, 0.380295, 0.767812, 0.626929, 0.701378, 0.510850, 0.619696, 0.435288, 0.753202, 0.397795, 0.395210, 0.931662, 0.861710, 0.536655, 0.346865, 0.153475, 0.508605, 0.719257, 0.519343, 0.482683, 0.212802, 0.164949, 0.699238, 0.775569, 0.857843, 0.335678, 0.607388, 0.783869, 0.929560, 0.693613, 0.442106, 0.909391, 0.102092, 0.369834, 0.390606, 0.352296, 0.251854, 0.194477, 0.915512, 0.014129, 0.825287, 0.759704, 0.384239, 0.001616, 0.875080, 0.562790, 0.722602, 0.113641, 0.779119, 0.706571, 0.106415, 0.280976, 0.364699, 0.776242, 0.636583, 0.089870, 0.605771, 0.659921, 0.389525, 0.974930]"
10,引っ越し,転出届はいつまでに提出すべきですか？,引越しの14日前から当日までに提出する必要があります。,"[0.187816, 0.446647, 0.090938, 0.923561, 0.463303, 0.077912, 0.438514, 0.057187, 0.590148, 0.697337, 0.914798, 0.959400, 0.033852, 0.416956, 0.142327, 0.752923, 0.321481, 0.342134, 0.057681, 0.423585, 0.151194, 0.701711, 0.997534, 0.414208, 0.128454, 0.484668, 0.265628, 0.532228, 0.501510, 0.590342, 0.034777, 0.364181, 0.951009, 0.132798, 0.824687, 0.561653, 0.864066, 0.955603, 0.838244, 0.575584, 0.388683, 0.414050, 0.580232, 0.167253, 0.168400, 0.538524, 0.865574, 0.266559, 0.157734, 0.247377, 0.372395, 0.307245, 0.284652, 0.904589, 0.608271, 0.519234, 0.640154, 0.981574, 0.894465, 0.977719, 0.812266, 0.692221, 0.022167, 0.403469, 0.104973, 0.210943, 0.170600, 0.127792, 0.740736, 0.354412, 0.142752, 0.051140, 0.675465, 0.721031, 0.098722, 0.869481, 0.362245, 0.446860, 0.404038, 0.757988, 0.301171, 0.739808, 0.170959, 0.025160, 0.418071, 0.659600, 0.071088, 0.672664, 0.679257, 0.409154, 0.481839, 0.665294, 0.449677, 0.201297, 0.570249, 0.982807, 0.756307, 0.835284, 0.517506, 0.744705, 0.120959, 0.250250, 0.358519, 0.198043, 0.352218, 0.676043, 0.731340, 0.897666, 0.948225, 0.195300, 0.697367, 0.920612, 0.380376, 0.867955, 0.492492, 0.240689, 0.929255, 0.256007, 0.570369, 0.763710, 0.874957, 0.570745, 0.951874, 0.641645, 0.661825, 0.923823, 0.326273, 0.190011, 0.218239, 0.549497, 0.062184, 0.503631, 0.565168, 0.511301, 0.786443, 0.175424, 0.295161, 0.689390, 0.036467, 0.190226, 0.401537, 0.767660, 0.430316, 0.065644, 0.946618, 0.963542, 0.146364, 0.873124, 0.218710, 0.959440, 0.827162, 0.487876, 0.970220, 0.998638, 0.185855, 0.376644, 0.524117, 0.240217, 0.377755, 0.855402, 0.021557, 0.203252, 0.670092, 0.121294, 0.676694, 0.055211, 0.618115, 0.962998, 0.819578, 0.553023, 0.926507, 0.106939, 0.895224, 0.019367, 0.702008, 0.854528, 0.860896, 0.507616, 0.101933, 0.890973, 0.366924, 0.591791, 0.147057, 0.929414, 0.240600, 0.130421, 0.459649, 0.179419, 0.870008, 0.349864, 0.503537, 0.629125, 0.983211, 0.510193, 0.142664, 0.790268, 0.436352, 0.207458, 0.534649, 0.161825, 0.931992, 0.060105, 0.214588, 0.970205, 0.524206, 0.620089, 0.304328, 0.505963, 0.187933, 0.867895, 0.900407, 0.483459, 0.601352, 0.397591, 0.556987, 0.514079, 0.988876, 0.435585, 0.879207, 0.614502, 0.482344, 0.632191, 0.434076, 0.679675, 0.157630, 0.255572, 0.092237, 0.357176, 0.545033, 0.856167, 0.367941, 0.388301, 0.015158, 0.433430, 0.704462, 0.973118, 0.589782, 0.151930, 0.512858, 0.377209, 0.678226, 0.500961, 0.248093, 0.865966, 0.170107, 0.696351, 0.404102, 0.728067, 0.015636, 0.766140, 0.628669, 0.765793, 0.843260, 0.351998, 0.737196, 0.399145, 0.271818, 0.603313, 0.928239, 0.039352, 0.489622, 0.301325, 0.232987, 0.366551, 0.846588, 0.303836, 0.145873, 0.839559, 0.985048, 0.816647, 0.227780, 0.882066, 0.574852, 0.498993, 0.526276, 0.955502, 0.399702, 0.433737, 0.622580, 0.872713, 0.396381, 0.788459, 0.207867, 0.576953, 0.891063, 0.094998, 0.102851, 0.957584, 0.972487, 0.437548, 0.388043, 0.437726, 0.361121, 0.328309, 0.466363, 0.310103, 0.539924, 0.699680, 0.987574, 0.867450, 0.734591, 0.085405, 0.697391, 0.753061, 0.072053, 0.396211, 0.043883, 0.254360, 0.061254, 0.019901, 0.642709, 0.614963, 0.627309, 0.025886, 0.086328, 0.130082, 0.707132, 0.932397, 0.160904, 0.082858, 0.691046, 0.706088, 0.166345, 0.495486, 0.104513, 0.278831, 0.109270, 0.971330, 0.913892, 0.599538, 0.575891, 0.559992, 0.261756, 0.686372, 0.953076, 0.875520, 0.427417, 0.469974, 0.384531, 0.797539, 0.179496, 0.817073, 0.910337, 0.882815, 0.483723, 0.824839, 0.166499, 0.979348, 0.863530, 0.600396, 0.727696, 0.346390, 0.154141, 0.145717, 0.420047, 0.797550, 0.855445, 0.055035, 0.393595, 0.948880, 0.940102, 0.505568, 0.858560, 0.365281, 0.808785, 0.703552, 0.462560, 0.996725, 0.168289, 0.815445, 0.117663, 0.043729, 0.271428, 0.236853, 0.619713, 0.398263, 0.314851, 0.225126, 0.639505, 0.294795, 0.701515, 0.343894, 0.146634, 0.972704]"
